{"prior": [0.346875, 0.653125], "likelihood": [[[0.191044776119403, 0.3701492537313433, 0.4388059701492537], [0.23582089552238805, 0.4597014925373134, 0.3044776119402985], [0.191044776119403, 0.3701492537313433, 0.4388059701492537], [0.23582089552238805, 0.4597014925373134, 0.3044776119402985], [0.14626865671641792, 0.27761194029850744, 0.5761194029850746], [0.23582089552238805, 0.4597014925373134, 0.3044776119402985], [0.191044776119403, 0.3701492537313433, 0.4388059701492537], [0.23582089552238805, 0.4597014925373134, 0.3044776119402985], [0.191044776119403, 0.3701492537313433, 0.4388059701492537]], [[0.2273449920508744, 0.47058823529411764, 0.302066772655008], [0.27503974562798095, 0.35930047694753575, 0.3656597774244833], [0.2273449920508744, 0.47058823529411764, 0.302066772655008], [0.27503974562798095, 0.35930047694753575, 0.3656597774244833], [0.17965023847376788, 0.5834658187599364, 0.2368839427662957], [0.27503974562798095, 0.35930047694753575, 0.3656597774244833], [0.2273449920508744, 0.47058823529411764, 0.302066772655008], [0.27503974562798095, 0.35930047694753575, 0.3656597774244833], [0.2273449920508744, 0.47058823529411764, 0.302066772655008]]]}
