{"prior": [0.34375, 0.65625], "likelihood": [[[0.19548872180451127, 0.3684210526315789, 0.43609022556390975], [0.21804511278195488, 0.46616541353383456, 0.3157894736842105], [0.18796992481203006, 0.3609022556390977, 0.45112781954887216], [0.2518796992481203, 0.45112781954887216, 0.29699248120300753], [0.13533834586466165, 0.2857142857142857, 0.5789473684210527], [0.22932330827067668, 0.46616541353383456, 0.30451127819548873], [0.18045112781954886, 0.37593984962406013, 0.44360902255639095], [0.2556390977443609, 0.44360902255639095, 0.3007518796992481], [0.17669172932330826, 0.39473684210526316, 0.42857142857142855]], [[0.22924901185770752, 0.4624505928853755, 0.308300395256917], [0.2648221343873518, 0.35968379446640314, 0.37549407114624506], [0.22332015810276679, 0.48023715415019763, 0.2964426877470356], [0.27865612648221344, 0.34980237154150196, 0.3715415019762846], [0.18972332015810275, 0.5770750988142292, 0.233201581027668], [0.2865612648221344, 0.35968379446640314, 0.35375494071146246], [0.22134387351778656, 0.4782608695652174, 0.30039525691699603], [0.26679841897233203, 0.36363636363636365, 0.3695652173913043], [0.22727272727272727, 0.4723320158102767, 0.30039525691699603]]]}
